WetlandName,SurvYear,WetlandArea,SurveyArea,PercentFilled,SumOfCount,SurveyRecords,SpeciesRichness,SumOfNests,SumOfBroods,LatitudeDec,LongitudeDec
Albury,2007,4036.8,4036.8,100.0,1518,17,17,150,5,-35.99556,146.0431
Barmah-Millewa,2007,959.2,464.08,48.38,2690,25,16,0,0,-35.958195,144.94665
"Coorong, Lower Lakes and Murray Mouth",2007,147083.9,145732.02,99.08,451481,205,44,7900,2,-35.817461,139.411771
Hattah Lakes,2007,738.1,478.58,64.84,32193,96,25,0,0,-34.739976,142.389617
Lindsay-Walpolla-Chowilla,2007,5662.6,917.78,16.21,12981,113,27,0,2,-34.207955,140.846186
Other,2007,53.9,5.39,10.0,27,5,4,0,0,-36.06,144.657
River Murray Channel,2007,863.2,178.34,20.66,5913,110,21,0,10,-35.295678,143.878056
Albury,2008,1166.8,1102.85,94.52,881,36,20,70,0,-36.031945,146.725875
Barmah-Millewa,2008,653.7,653.7,100.0,41,8,5,0,0,-35.93139,144.95415
"Coorong, Lower Lakes and Murray Mouth",2008,109521.7,117694.81,99.94,236420,271,39,0,0,-35.664703,139.111273
Echuca,2008,100.5,20.15,20.05,675,15,14,20,0,-36.048055,144.57095
Gunbower-Koondrook-Perricoota,2008,5.3,1.88,35.47,43,8,7,0,0,-35.812775,144.2957
Hattah Lakes,2008,357.4,151.44,42.37,2952,44,15,0,0,-34.739583,142.357667
Kerang wetlands,2008,1919.0,1863.61,97.11,852,35,20,80,0,-35.567722,144.51772
Lindsay-Walpolla-Chowilla,2008,1104.6,889.35,80.51,8327,190,30,0,79,-34.09526,141.133606
Mildura,2008,469.7,429.22,91.38,2622,25,15,0,0,-34.296749,142.1467
Murray Bridge,2008,4108.7,3546.98,86.33,15256,152,30,0,0,-34.811771,139.540206
Other,2008,2801.3,2253.39,80.44,767,30,19,0,0,-35.047739,149.214057
Renmark,2008,913.5,683.43,74.81,4188,64,21,0,7,-34.255328,140.622036
River Murray Channel,2008,372.8,270.98,72.69,3306,58,20,2,2,-34.758832,142.36765
Swan Hill,2008,9.0,6.5,72.22,3694,20,14,0,0,-35.306945,143.4625
Barmah-Millewa,2009,1496.5,850.82,56.85,3115,41,18,0,0,-35.892085,145.066975
"Coorong, Lower Lakes and Murray Mouth",2009,167544.9,118968.08,71.01,556158,316,42,1895,36,-35.702716,139.180289
Gunbower-Koondrook-Perricoota,2009,29.0,7.25,25.0,3,1,1,0,0,-35.70222,144.2197
Hattah Lakes,2009,123.0,101.05,82.15,495,23,10,0,1,-34.74604,142.36615
Lindsay-Walpolla-Chowilla,2009,3134.2,1380.2,44.04,25620,346,34,167,54,-34.13111,141.117741
Murray Bridge,2009,96.0,76.8,80.0,3392,11,11,0,0,-34.21611,139.85
Other,2009,4036.8,3834.96,95.0,375,10,10,250,0,-35.99556,146.0431
Renmark,2009,1744.9,1000.13,57.32,11537,74,23,0,22,-34.273222,140.55746
River Murray Channel,2009,778.0,172.2,22.13,88,17,8,0,0,-35.324556,143.31884
Banar Lake,2010,1283.0,1164.8,90.79,5717,46,20,1018,5,-33.26389,147.0675
Barmah-Millewa,2010,70971.0,35912.85,50.6,202,16,11,145,0,-35.907292,112.559727
Booligal wetlands,2010,1195.0,597.52,50.0,161453,143,27,105875,0,-33.91303,144.635791
"Coorong, Lower Lakes and Murray Mouth",2010,125982.5,134238.21,100.0,126600,258,38,6401,89,-35.352617,137.743371
Currawinya Lakes,2010,7944.0,7526.25,94.74,29846,125,36,5720,376,-28.707497,144.302467
Fivebough Swamp,2010,282.0,267.9,95.0,337,16,12,8,8,-34.55722,146.4306
Great Cumbung Swamp,2010,450.0,405.0,90.0,2118,34,21,6,0,-34.24861,144.0914
Gunbower-Koondrook-Perricoota,2010,92907.0,27914.1,30.05,126,15,14,0,1,-35.795835,144.355
Gwydir Wetlands,2010,1434.0,633.2,44.16,8331,178,29,10,3,-34.845556,149.4893
Hattah Lakes,2010,2791.0,2791.0,100.0,528,61,14,8,18,-34.739165,132.523089
Kerang wetlands,2010,4134.09,3658.8,88.5,116857,89,24,54225,27,-35.634259,143.917027
Lake Brewster,2010,6214.0,3506.6,56.43,12649,88,32,43,0,-33.466805,145.9993
Lake Buloke,2010,4354.0,3700.9,85.0,14686,38,21,2,3,-36.26778,142.9472
Lake Cargelligo,2010,1021.0,918.9,90.0,3094,19,12,0,2,-33.30305,146.4325
Lake Cowal,2010,14048.0,12643.2,90.0,41059,66,26,31543,35,-33.606805,147.4642
Lake Hindmarsh,2010,13501.0,9450.7,70.0,1728,33,23,6,0,-35.97805,141.905
Lake Tyrrell,2010,3710.0,1645.3,44.35,13,3,1,0,0,-35.334445,143.03875
Lindsay-Walpolla-Chowilla,2010,3125.9,3074.16,98.34,7524,254,33,4,58,-34.123371,141.042443
Lowbidgee floodplain,2010,7027.0,5724.85,81.47,162616,259,34,122102,11,-34.521065,143.858593
Macquarie Marshes,2010,52010.0,20804.0,40.0,73884,23,23,0,0,-30.64667,147.5747
Menindee lakes,2010,40197.0,39753.3,98.9,6348,174,25,0,0,-32.329252,142.430615
Murray Bridge,2010,96.0,86.4,90.0,522,8,8,0,4,-34.21611,139.85
Narran lakes,2010,18096.0,16952.35,93.68,149977,205,34,0,38,-29.763306,147.43604
Paroo overflow lakes complex,2010,13004.0,12697.4,97.64,14776,254,36,4144,46,-30.601729,143.818211
Renmark,2010,713.0,710.0,99.58,1237,40,16,0,38,-34.266597,140.669575
River Murray Channel,2010,572.0,567.31,99.18,411,28,16,0,0,-35.221,117.766234
Yantabulla,2010,113214.0,90571.2,80.0,83008,28,28,0,0,-29.29,144.9217
Balonne,2011,5.0,0.25,5.0,77,11,11,0,0,-28.14389,148.5175
Banar Lake,2011,591.0,591.0,100.0,720,9,7,0,0,-33.25917,147.0722
Barmah-Millewa,2011,70699.0,14878.2,21.04,10745,71,22,340,12,-35.892778,145.03218
Booligal wetlands,2011,1041.3,716.73,68.83,21303,255,32,18,29,-33.915747,144.575631
"Coorong, Lower Lakes and Murray Mouth",2011,122280.9,122280.9,93.2,321114,301,45,11405,166,-35.642152,139.22345
Currawinya Lakes,2011,7588.0,7588.0,100.0,232430,116,39,9375,20,-28.721385,144.28245
Fivebough Swamp,2011,282.0,282.0,100.0,1233,31,18,0,0,-34.55722,146.4306
Goulburn River,2011,100.0,100.0,100.0,520,23,13,0,0,-36.3825,145.3456
Great Cumbung Swamp,2011,133.0,8.0,6.02,58229,327,36,0,0,-34.22524,144.009757
Gunbower-Koondrook-Perricoota,2011,92849.0,930.47,1.0,25806,19,15,0,0,-35.789445,144.4386
Gwydir Wetlands,2011,532.7,177.68,33.35,25898,225,32,0,12,-29.429528,149.362975
Hattah Lakes,2011,2116.0,2096.0,99.05,2391,57,22,0,8,-34.750477,142.392729
Kerang wetlands,2011,6154.25,5796.75,94.19,60629,244,37,1410,8,-35.640334,143.788053
Lake Brewster,2011,11101.0,8660.0,78.01,57955,105,31,8399,0,-33.495555,145.995275
Lake Buloke,2011,4354.0,4354.0,100.0,3222,42,24,16,0,-36.26778,142.9472
Lake Cargelligo,2011,2052.0,2052.0,100.0,4903,95,26,282,2,-33.2893,146.44095
Lake Cowal,2011,28178.0,28178.0,100.0,40263,123,38,2065,11,-33.57935,147.441867
Lake Hindmarsh,2011,13501.0,13501.0,100.0,2488,40,26,0,0,-35.97805,141.905
Lindsay-Walpolla-Chowilla,2011,1380.0,1272.1,92.18,36895,486,35,145,5,-34.14911,141.024696
Lowbidgee floodplain,2011,5441.8,3857.7,70.89,118362,725,39,4429,1,-34.409923,143.874669
Macquarie Marshes,2011,52010.0,10402.0,20.0,79660,26,26,0,0,-30.64667,147.5747
Menindee lakes,2011,39336.0,39331.05,99.99,29084,313,33,833,4,-32.407066,142.361362
Narran lakes,2011,6569.0,5255.25,80.0,66717,187,36,5926,6,-29.79361,147.5244
Paroo overflow lakes complex,2011,13004.0,10843.2,83.38,68919,289,34,1046,18,-30.598642,143.817622
Renmark,2011,20.0,18.0,90.0,338,10,10,0,0,-34.31889,140.6672
River Murray Channel,2011,517.9,494.8,95.54,680,57,22,0,0,-35.475695,138.568525
Balonne,2012,5.0,4.0,80.0,20,4,4,0,0,-28.14389,148.5175
Banar Lake,2012,591.0,472.8,80.0,2064,19,12,0,0,-33.25917,147.0722
Barmah-Millewa,2012,949.0,949.0,100.0,6986,156,22,1965,35,-35.917037,144.968067
Bogandillon Swamp,2012,3877.0,1938.5,50.0,7267,40,23,0,0,-33.29861,147.2511
Booligal wetlands,2012,933.3,746.93,80.03,35191,380,34,24,0,-33.909144,144.552525
"Coorong, Lower Lakes and Murray Mouth",2012,122280.9,130527.45,98.3,336384,262,42,11399,157,-35.720692,139.29325
Currawinya Lakes,2012,8258.0,7096.4,85.93,181122,129,35,0,0,-28.80861,144.466
Goulburn River,2012,100.0,80.0,80.0,458,23,12,0,0,-36.3825,145.3456
Great Cumbung Swamp,2012,66.5,66.5,100.0,59397,237,33,14,0,-34.216805,144.0225
Gwydir Wetlands,2012,277.0,51.2,18.48,11671,199,25,0,2,-29.458697,149.297523
Hattah Lakes,2012,52.3,41.84,80.0,1886,53,17,0,0,-34.75236,142.39165
Kerang wetlands,2012,4665.34,4082.83,87.51,118988,262,37,1956,0,-35.652755,143.784483
Lake Brewster,2012,6214.0,4971.2,80.0,43797,54,32,2361,0,-33.466805,145.9993
Lake Buloke,2012,4354.0,3483.2,80.0,79449,35,19,0,0,-36.26778,142.9472
Lake Cargelligo,2012,1021.0,1021.0,100.0,1064,33,20,11,0,-33.30305,146.4325
Lake Cowal,2012,19089.0,19089.0,100.0,10361,86,31,19,0,-33.56611,147.43725
Lake Hindmarsh,2012,13501.0,13501.0,100.0,21625,40,22,0,0,-35.97805,141.905
Lindsay-Walpolla-Chowilla,2012,806.0,767.6,95.24,49913,628,37,409,0,-34.099521,141.195591
Lowbidgee floodplain,2012,5050.0,2446.55,48.45,211189,657,37,7441,30,-34.534364,143.847481
Macquarie Marshes,2012,52010.0,15603.0,30.0,82041,24,24,0,0,-30.64667,147.5747
Menindee lakes,2012,41754.51,41669.81,99.8,42095,282,29,0,0,-32.365018,142.360862
Narran lakes,2012,5476.0,4883.9,89.19,38449,139,37,0,0,-29.76489,147.46
Paroo overflow lakes complex,2012,12779.85,12242.85,95.8,69996,294,33,0,0,-30.590972,143.80195
River Murray Channel,2012,667.9,667.9,100.0,615,41,16,0,0,-35.51939,139.69916
ACT,2013,917.0,917.0,0.0,0,2,1,0,0,-35.51889,148.7775
Banar Lake,2013,591.0,591.0,0.0,0,1,1,0,0,-33.25917,147.0722
Barmah-Millewa,2013,2241.0,2241.0,96.61,3785,125,24,354,20,-35.894058,145.021638
Bogandillon Swamp,2013,3983.0,3983.0,0.0,0,1,1,0,0,-33.30556,147.2706
Booligal wetlands,2013,2383.5,2636.5,23.77,6061,76,16,0,2,-33.930088,144.534891
Coolmunda Dam,2013,1640.0,1640.0,100.0,2819,24,24,0,2,-28.42861,151.2258
"Coorong, Lower Lakes and Murray Mouth",2013,82380.5,104290.0,99.67,161379,316,46,7174,171,-35.929826,139.4259
Corop wetlands complex,2013,1626.0,1626.0,88.27,1645,27,16,0,0,-36.488224,144.8398
Currawinya Lakes,2013,7641.0,7641.0,83.64,63006,61,28,0,0,-28.726477,144.272133
Darling Anabranch,2013,62984.0,62984.0,24.84,29075,236,28,0,0,-33.003489,142.306472
Fivebough Swamp,2013,283.0,283.0,29.96,3857,22,16,0,0,-34.514585,146.39775
Great Cumbung Swamp,2013,3718.0,3718.0,19.79,7410,49,23,0,0,-34.302588,144.040287
Gunbower-Koondrook-Perricoota,2013,411.0,411.0,100.0,36,6,4,0,0,-35.96444,144.4986
Gwydir Wetlands,2013,1199.9,1046.7,7.45,4557,233,29,0,0,-29.390524,149.411462
Hattah Lakes,2013,305.7,1101.0,0.0,249,16,7,0,0,-34.728518,142.36565
Kerang wetlands,2013,5938.63,6510.31,49.19,15482,118,24,2612,0,-35.650678,143.788781
Lake Albacutya,2013,5741.0,5741.0,0.0,0,1,1,0,0,-35.77444,141.9911
Lake Brewster,2013,6214.0,6214.0,85.71,18942,63,26,0,0,-33.466805,145.9993
Lake Buloke,2013,4354.0,4354.0,0.0,0,1,1,0,0,-36.26778,142.9472
Lake Cargelligo,2013,1021.0,1021.0,100.0,414,21,12,0,0,-33.30305,146.4325
Lake Cowal,2013,29673.0,23960.0,63.24,15577,67,31,667,0,-33.58861,147.442967
Lake Hindmarsh,2013,13501.0,13501.0,90.0,38479,35,21,0,0,-36.12111,141.9222
Lake Mokoan,2013,7177.0,7177.0,30.0,700,14,14,0,0,-36.47944,146.0703
Lake Tyrrell,2013,15396.0,17095.0,10.0,0,2,1,0,0,-35.41278,142.8764
Lever Swamp,2013,20.0,20.0,100.0,2441,7,7,0,0,-36.6095,140.32683
Lindsay-Walpolla-Chowilla,2013,1925.0,11790.0,51.07,33146,513,36,477,0,-34.122388,141.070283
Lowbidgee floodplain,2013,2921.3,2958.3,77.56,17776,114,27,8,0,-34.636999,143.849933
Menindee lakes,2013,41014.51,41576.51,96.1,14167,225,28,0,0,-32.393579,142.346222
Narran lakes,2013,5898.2,5898.2,68.41,28752,53,27,0,0,-29.76486,147.43175
Paroo overflow lakes complex,2013,13002.85,12096.8,44.01,155583,87,27,0,0,-30.595031,143.818144
River Murray Channel,2013,897.0,821.0,98.33,783,49,18,0,0,-35.29889,143.04166
Tallywalka System,2013,4914.0,4914.0,70.73,9168,130,25,0,0,-32.532687,143.33375
Upper Darling River,2013,71969.0,14393.8,20.0,188,5,5,0,0,-30.56417,145.0189
Yantabulla,2013,113214.0,113214.0,0.0,0,1,1,0,0,-29.29,144.9217
Banrock Station Wetland Complex,2014,290.0,290.0,100.0,1339,32,21,25,0,-34.2072,140.3458
Barmah-Millewa,2014,2358.0,1037.0,44.19,4521,101,19,650,0,-35.913,144.978614
Booligal wetlands,2014,177.0,0.0,0.0,2191,25,17,0,0,-34.1175,144.5044
Burrendong Dam,2014,6059.0,2423.6,40.0,547,10,10,0,0,-32.6088,149.1578
Coolmunda Dam,2014,1640.0,1312.0,80.0,1772,21,21,0,0,-28.4286,151.2258
"Coorong, Lower Lakes and Murray Mouth",2014,114856.5,100452.0,94.78,250955,277,45,7121,94,-35.66836,139.251
Corop wetlands complex,2014,656.0,656.0,57.68,12456,26,19,0,0,-36.458067,144.8305
Currawinya Lakes,2014,7588.0,1671.0,22.02,3226,45,25,0,0,-28.72135,144.28245
Darling Anabranch,2014,27159.0,1025.0,3.77,13921,68,21,0,0,-33.33528,141.83544
Fivebough Swamp,2014,309.0,14.0,5.0,1954,12,12,0,0,-34.5336,146.4278
Gunbower-Koondrook-Perricoota,2014,60.0,370.0,90.0,1307,5,4,0,0,-35.6952,144.2197
Gwydir Wetlands,2014,309.0,607.5,4.43,4026,107,29,0,0,-29.2789,149.337383
Hattah Lakes,2014,2471.0,2471.0,100.0,4549,84,24,105,0,-34.7367,142.395333
Kerang wetlands,2014,3003.56,2626.0,87.45,49872,151,29,7200,0,-35.613857,143.820457
Kiewa River,2014,3550.0,177.5,5.0,87,3,3,0,0,-36.4486,147.0556
Lake Brewster,2014,6200.0,0.0,0.0,0,1,1,0,0,-33.4836,146.0178
Lake Cowal,2014,9089.0,4545.0,50.0,37233,38,22,0,0,-33.6033,147.4756
Lake Hindmarsh,2014,13501.0,0.0,0.0,0,1,1,0,0,-35.978,141.905
Lake Mokoan,2014,2641.0,264.1,10.0,13020,17,17,0,0,-36.4744,146.0622
Lindsay-Walpolla-Chowilla,2014,879.0,610.0,65.42,54615,159,39,0,2,-34.21215,140.682533
Lowbidgee floodplain,2014,2315.0,1600.0,69.08,9235,75,28,0,0,-34.5494,143.70345
Macquarie Marshes,2014,103327.0,10585.7,10.2,6573,7,7,0,0,-31.1272,147.5508
Menindee lakes,2014,39319.0,6176.0,15.71,52273,103,24,0,0,-32.342275,142.437675
Murray River and Euston Lakes,2014,2880.0,1407.5,51.35,806,15,11,0,0,-34.5497,142.8799
Noora Evaporation Basin,2014,9245.0,4622.5,50.0,1923,8,8,0,0,-34.4212,140.8607
Paroo overflow lakes complex,2014,10550.85,429.0,4.07,2537,12,6,0,0,-30.6086,143.76785
Pyap Lagoon,2014,54.0,54.0,90.0,336,15,8,0,0,-34.4125,140.4594
River Murray Channel,2014,568.3,406.9,95.21,555,49,22,0,0,-35.48484,143.97806
Split Rock Reservoir,2014,200.0,100.0,50.0,238,9,9,0,0,-30.5675,150.68
Tallywalka system,2014,1178.0,1178.0,67.78,1988,15,10,0,0,-32.567067,143.361467
Waranga Basin,2014,5285.0,3699.5,70.0,798,12,12,0,0,-36.5486,145.1006
Banrock Station Wetland Complex,2015,300.0,300.0,90.0,338,32,19,0,0,-34.196838,140.337924
Barmah-Millewa,2015,2066.0,1822.0,69.15,3087,97,22,695,1,-35.883854,144.964668
Booligal wetlands,2015,0.0,0.0,5.0,5434,45,22,0,0,-33.990364,144.566928
Burrendong Dam,2015,6059.0,302.95,5.0,299,11,11,0,0,-32.60889,149.1578
Coolmunda Dam,2015,1640.0,984.0,60.0,7151,25,25,0,0,-28.42861,151.2258
"Coorong, Lower Lakes and Murray Mouth",2015,61571.0,61571.0,77.29,228290,264,42,5142,88,-35.697504,139.222073
Corop wetlands complex,2015,346.0,272.4,78.73,3107,36,22,0,0,-36.458333,144.8749
Currawinya Lakes,2015,2785.0,0.0,30.0,69494,47,29,0,0,-28.7124,144.339518
Darling Anabranch,2015,26596.0,0.0,0.0,0,5,1,0,0,-33.335368,141.831027
Fivebough Swamp,2015,282.0,0.0,5.0,3904,14,14,0,0,-34.51272,146.39134
Great Cumbung Swamp,2015,0.0,0.0,100.0,14039,77,25,7,0,-34.28186,144.073424
Gunbower-Koondrook-Perricoota,2015,0.0,0.0,100.0,3,2,2,0,0,-35.838988,144.373896
Gwydir Wetlands,2015,8.0,8.0,5.0,1634,64,26,0,0,-29.344658,149.57392
Hattah Lakes,2015,658.2,770.0,100.0,5449,127,22,0,6,-34.735307,142.372806
Kerang wetlands,2015,0.0,0.0,96.67,12881,106,26,8440,0,-35.604983,143.814007
Kiewa River,2015,3550.0,1420.0,40.0,139,5,5,0,0,-36.44861,147.0556
Lake Cowal,2015,9089.0,0.0,40.0,85474,44,25,3,0,-33.62082,147.490024
Lake Hindmarsh,2015,13501.0,0.0,5.0,56,6,3,0,0,-36.050819,141.906557
Lake Mokoan,2015,2641.0,26.41,1.0,99,10,10,0,0,-36.47445,146.0622
Lindsay-Walpolla-Chowilla,2015,0.0,54.0,90.0,35326,160,34,165,0,-34.18783,140.678265
Lowbidgee floodplain,2015,1074.0,864.0,80.45,10622,89,28,0,0,-34.552606,143.702801
Macquarie Marshes,2015,103327.0,8260.0,9.0,11115,14,14,0,0,-30.99548,147.65342
Menindee lakes,2015,26318.0,0.0,0.0,40887,118,33,0,0,-32.393178,142.378393
Murray River and Euston Lakes,2015,2880.0,2142.5,74.39,2267,33,22,0,0,-34.54972,142.8799
Narran lakes,2015,5898.0,0.0,0.0,381,31,18,0,0,-29.730872,147.451611
Noora Evaporation Basin,2015,9245.0,9.24,0.1,3577,11,11,0,0,-34.41306,140.8803
Paroo overflow lakes complex,2015,0.0,0.0,15.0,1440,18,10,0,0,-30.475308,143.779374
Pyap Lagoon,2015,60.0,42.0,70.0,105,4,4,0,0,-34.4075,140.4558
River Murray Channel,2015,0.0,0.0,100.0,770,29,13,0,0,-35.210694,143.035661
Split Rock Reservoir,2015,200.0,140.0,70.0,689,9,9,0,0,-30.5675,150.68
Tallywalka System,2015,6787.0,0.0,0.0,0,5,1,0,0,-32.533228,143.329526
Upper Darling River,2015,71969.0,719.69,1.0,252,10,10,0,0,-30.56417,145.0189
Waranga Basin,2015,5285.0,4228.0,80.0,392,7,7,0,0,-36.54861,145.1006
Banrock Station Wetland Complex,2016,300.0,300.0,100.0,258,8,8,120,1,-34.1968,140.3379
Barmah-Millewa,2016,2792.0,2792.0,100.0,4937,58,21,2119,40,-35.880729,144.969771
Booligal wetlands,2016,1225.0,1164.2,95.04,90397,96,30,23735,33,-33.94712,144.59334
Burrendong Dam,2016,6059.0,5756.05,95.0,36,4,4,0,0,-32.6886,149.1867
Coolmunda Dam,2016,1640.0,1640.0,100.0,387,11,11,0,0,-28.4402,151.2352
"Coorong, Lower Lakes and Murray Mouth",2016,142289.5,142289.5,100.0,59784,210,37,15314,95,-35.6975,139.22206
Corop wetlands complex,2016,2161.0,1941.9,89.86,491,41,19,23,8,-36.478329,144.8435
Currawinya Lakes,2016,7588.0,4754.6,62.66,22857,31,13,2,182,-28.7074,144.28765
Fivebough Swamp,2016,539.0,539.0,100.0,882,36,16,0,0,-34.50883,146.397845
Great Cumbung Swamp,2016,35225.0,31415.5,89.19,4974,51,24,0,48,-34.2393,144.008375
Gunbower-Koondrook-Perricoota,2016,56888.0,56888.0,100.0,1200,4,4,0,0,-35.8459,144.377
Gwydir Wetlands,2016,1527.2,774.3,50.7,4489,95,30,666,20,-29.2843,149.365417
Hattah Lakes,2016,792.0,675.36,85.27,221,32,10,0,0,-34.73625,142.3721
Kerang wetlands,2016,3453.5,3027.75,87.67,953,60,18,482,0,-35.616829,143.803871
Kiewa River,2016,3550.0,3550.0,100.0,0,1,1,0,0,-36.5145,147.0808
Lake Brewster,2016,4882.0,4882.0,100.0,2513,37,21,830,37,-33.482,145.9735
Lake Buloke,2016,4354.0,3918.6,90.0,2047,26,17,12,0,-36.2452,142.9781
Lake Cowal,2016,13034.0,14851.8,113.95,14418,95,33,335,8,-33.55981,147.434325
Lake Hindmarsh,2016,13501.0,12150.9,90.0,1966,29,17,9,1,-36.0508,141.9066
Lake Mokoan,2016,2641.0,1056.4,40.0,259,12,9,4,5,-36.4599,146.0911
Lindsay-Walpolla-Chowilla,2016,963.0,898.6,93.31,6111,69,24,1322,4,-34.191124,140.67308
Lowbidgee floodplain,2016,2315.0,2315.0,100.0,50873,56,18,21795,0,-34.550575,143.696425
Macquarie Marshes,2016,103327.0,85761.41,83.0,254510,34,34,297,248,-30.8812,147.6092
Menindee lakes,2016,42811.0,23449.4,54.77,1660,72,19,0,0,-32.32795,142.46186
Murray River and Euston Lakes,2016,1405.0,1405.0,100.0,135,9,7,0,0,-34.5361,142.863
Narran lakes,2016,30854.0,30428.6,98.62,23552,80,26,4,0,-29.773833,147.4191
Noora Evaporation Basin,2016,9245.0,924.5,10.0,521,6,6,0,0,-34.4213,140.8608
Paroo overflow lakes complex,2016,10790.0,7128.9,66.07,1542,80,23,40,25,-30.616575,143.772175
Pyap Lagoon,2016,60.0,60.0,100.0,65,14,11,0,0,-34.3872,140.453
River Murray Channel,2016,424.5,464.48,109.42,601,29,13,0,0,-35.2107,143.03566
Split Rock Reservoir,2016,200.0,100.0,50.0,379,8,8,0,0,-30.5517,150.6858
Tallywalka system,2016,11223.0,0.0,0.0,132,14,9,0,0,-32.49705,143.336833
Upper Darling River,2016,71969.0,51795369.61,71969.0,104,9,9,0,0,-30.5178,145.1495
Waranga Basin,2016,5285.0,279312.25,5285.0,128,7,7,0,0,-36.5503,145.0961
Yantabulla,2016,113214.0,5660.7,5.0,1900,16,16,0,0,-29.2501,144.9052
Banrock Station Wetland Complex,2017,290.0,290.0,100.0,864,25,15,90,0,-34.1968,140.3379
Barmah-Millewa,2017,2792.0,2100.9,75.25,3896,101,23,143,1,-35.880729,144.969771
Booligal wetlands,2017,984.0,582.8,59.23,11608,94,27,0,2,-33.933683,144.5755
Coolmunda Dam,2017,1640.0,1312.0,80.0,14564,37,21,0,0,-28.4402,151.2352
"Coorong, Lower Lakes and Murray Mouth",2017,142289.5,142289.5,100.0,210181,303,51,19045,60,-35.6975,139.22206
Corop wetlands complex,2017,2131.0,1168.3,54.82,64590,138,38,6,0,-36.473488,144.8406
Currawinya Lakes,2017,6717.0,0.0,0.0,0,2,1,0,0,-28.7074,144.28765
Darling Anabranch,2017,26596.0,0.0,0.0,0,6,1,0,0,-33.33538,141.83104
Fivebough Swamp,2017,282.0,112.8,40.0,4533,19,11,0,0,-34.5271,146.4408
Great Cumbung Swamp,2017,31641.5,40.9,0.13,3839,51,22,0,0,-34.2393,144.008375
Gunbower-Koondrook-Perricoota,2017,68.0,60.0,88.24,80,10,8,0,0,-35.867767,144.403067
Gwydir Wetlands,2017,563.0,11.77,2.09,3506,94,30,0,0,-29.326414,149.311657
Hattah Lakes,2017,1013.2,832.2,82.14,4681,83,22,13,1,-34.73261,142.37046
Kerang Wetlands,2017,183.0,183.0,100.0,406,10,7,229,0,-35.6799,143.8799
Kerang wetlands,2017,3007.06,2856.19,94.98,60004,166,37,4763,12,-35.606317,143.7912
Lake Brewster,2017,4882.0,3905.6,80.0,18257,44,25,20,0,-33.482,145.9735
Lake Cowal,2017,9089.0,9089.0,100.0,10843,56,31,334,0,-33.6208,147.49
Lake Mokoan,2017,2641.0,528.2,20.0,23245,49,27,2,4,-36.4599,146.0911
Lindsay-Walpolla-Chowilla,2017,900.0,809.1,89.9,35065,155,35,71,0,-34.208833,140.67315
Lowbidgee floodplain,2017,2352.0,1999.0,84.99,9164,67,28,0,10,-34.55714,143.73996
Macquarie Marshes,2017,103327.0,8098.0,7.84,15900,20,20,0,0,-30.881156,147.609206
Menindee lakes,2017,39929.51,22483.16,56.31,122365,265,40,5,0,-32.32795,142.46186
Murray River and Euston Lakes,2017,2880.0,1405.0,48.78,964,41,17,0,0,-34.5484,142.8828
Narran lakes,2017,5898.0,0.0,0.0,0,3,1,0,0,-29.773833,147.4191
Noora Evaporation Basin,2017,5266.0,4212.8,80.0,1159,5,5,0,0,-34.4213,140.8608
Paroo overflow lakes complex,2017,10551.0,331.6,3.14,6822,38,14,0,0,-30.616575,143.772175
River Murray Channel,2017,655.4,655.4,100.0,791,47,19,0,0,-35.2107,143.03566
Banrock Station Wetland Complex,2018,2293.0,1605.1,70.0,1319,34,19,110,4,-34.196838,140.337924
Barmah-Millewa,2018,2792.0,1157.55,41.46,1478,83,24,2,4,-35.880732,144.969779
Booligal wetlands,2018,984.0,5.7,0.58,3098,55,22,0,1,-33.93369,144.575501
Burrendong Dam,2018,6059.0,3029.5,50.0,394,13,13,0,0,-32.688561,149.186707
Coolmunda Dam,2018,1640.0,656.0,40.0,4161,26,26,0,0,-28.440249,151.235194
"Coorong, Lower Lakes and Murray Mouth",2018,142289.5,121878.5,85.66,275518,283,47,6376,912,-35.697504,139.222073
Corop wetlands complex,2018,2050.0,286.2,13.96,7911,79,28,62,0,-36.467057,144.837963
Cuttaburra channels,2018,5788.0,0.0,0.0,0,1,1,0,0,-30.508687,144.241803
Fivebough Swamp,2018,309.0,46.35,15.0,3257,25,15,0,0,-34.527134,146.440821
Great Cumbung Swamp,2018,31470.2,9384.12,29.82,2490,68,28,0,0,-34.239302,144.008384
Gunbower-Koondrook-Perricoota,2018,65.44,48.0,73.35,113,13,10,0,0,-35.846482,144.386402
Gwydir Wetlands,2018,552.0,91.7,16.61,21967,152,35,0,0,-29.326397,149.311674
Hattah Lakes,2018,1323.7,779.41,58.88,4532,141,25,0,0,-34.735205,142.370912
Kerang wetlands,2018,3377.95,2399.13,71.02,35720,143,30,280,1,-35.61682,143.803866
Kiewa River,2018,3550.0,355.0,10.0,1326,6,6,0,0,-36.514467,147.080822
Lake Brewster,2018,4882.0,244.1,5.0,2476,24,15,0,0,-33.481976,145.973531
Lake Cowal,2018,9089.0,6362.3,70.0,26072,56,30,0,0,-33.62082,147.490024
Lake Mokoan,2018,2641.0,26.41,1.0,110,16,11,0,0,-36.47445,146.0622
Lindsay-Walpolla-Chowilla,2018,1518.0,1264.5,83.3,33314,167,35,603,0,-34.208817,140.673134
Lowbidgee floodplain,2018,2451.0,1856.3,75.74,7557,76,25,0,0,-34.557137,143.739969
Macquarie Marshes,2018,103327.0,10091.0,9.77,38359,15,15,0,0,-30.881156,147.609206
Menindee lakes,2018,28438.51,10069.51,36.24,49293,163,34,0,0,-32.337135,142.445179
Murray Channel,2018,568.3,437.64,38.14,762,41,18,0,0,-35.210694,143.035661
Murray River and Euston Lakes,2018,2880.0,1264.5,43.91,1539,38,14,0,0,-34.548423,142.8828
Noora Evaporation Basin,2018,5266.0,3949.5,75.0,5104,10,10,0,0,-34.421292,140.860762
Paroo overflow lakes complex,2018,3735.0,0.0,0.0,12,4,2,0,0,-30.504409,143.772719
Pyap Lagoon,2018,60.0,60.0,100.0,190,20,15,0,0,-34.387218,140.45303
Split Rock Reservoir,2018,640.0,256.0,40.0,1956,14,14,0,0,-30.551696,150.685754
Tallywalka System,2018,8301.2,0.0,0.0,0,6,1,0,0,-32.533228,143.329526
Tallywalka system,2018,2279.0,0.0,0.0,0,1,1,0,0,-32.31612,143.373407
Upper Darling River,2018,71969.0,1439.38,2.0,251,15,15,0,0,-30.517766,145.149521
Waranga Basin,2018,5285.0,4756.5,90.0,803,14,14,0,0,-36.550266,145.096117
Banrock Station Wetland,2020,300.0,240.0,80.0,337,27,19,634,22,-34.21194,140.3539
Barmah-Millewa,2020,1240.0,1176.0,94.84,424,33,14,0,1,-35.920925,123.315873
Booligal Wetlands,2020,984.0,638.0,64.89,43149,131,35,0,0,-33.935232,144.574901
Burrendong Dam,2020,6059.0,3635.0,60.0,67,7,7,0,0,-32.60889,149.1578
Coolmunda Dam,2020,1640.0,1640.0,100.0,1780,19,19,0,0,-28.42861,151.2258
"Coorong, Lower Lakes and Murray Mouth",2020,142289.5,142290.0,100.0,175031,264,43,24153,1085,-35.676392,139.27302
Corop wetlands complex,2020,1676.1,790.0,47.06,9051,44,15,0,2,-36.470184,144.829628
Currawinya Lakes,2020,6717.0,6191.0,92.16,42431,96,34,35,192,-28.721385,144.28245
Cuttaburra Channels,2020,20287.0,4386.0,21.62,12030,28,22,0,20,-30.471665,144.32555
Fivebough Swamp,2020,309.0,31.0,10.0,471,4,4,0,31,-34.5271,146.4408
Great Cumbung Swamp,2020,10042.0,2219.0,22.1,8347,82,33,17,0,-34.240765,144.041325
Gunbower-Koondrook-Perricoota,2020,9.0,1.0,16.11,33,14,7,0,0,-35.876714,144.405148
Gwydir Wetlands,2020,294.0,23.0,8.06,11278,58,22,0,0,-29.292175,149.338733
Hattah Lakes,2020,642.3,0.0,0.0,1252,34,15,0,0,-34.742806,142.37933
Kerang Wetlands,2020,3250.66,2219.0,68.24,14973,111,30,0,26,-35.628334,143.802229
Kiewa River,2020,3550.0,178.0,5.0,746,5,5,0,0,-36.44861,147.0556
Lake Brewster,2020,4882.0,4638.0,95.0,56101,57,32,67,4,-33.48361,146.0178
Lake Cowal,2020,12298.0,6362.0,51.73,114923,64,37,333,17,-33.56611,147.43725
Lake Mokoan,2020,2641.0,26.0,1.0,657,8,8,0,0,-36.47445,146.0622
Lindsay-Walpolla-Chowilla,2020,1573.0,1445.0,91.91,30189,186,38,788,1042,-34.192817,140.689514
Lowbidgee Floodplain,2020,1146.0,875.0,76.34,61447,90,31,21000,9,-34.521598,143.77755
Macquarie Marshes,2020,103327.0,15499.0,15.0,17853,22,22,0,337,-38.55,51.4
Menindee Lakes,2020,15002.51,14244.0,94.94,3635,158,31,0,3,-32.25869,142.544586
Murray River and Euston Lakes,2020,2880.0,1405.0,48.78,457,35,15,0,0,-34.54972,142.8799
Narran Lakes,2020,534.0,353.5,66.24,609,21,11,0,0,-29.725069,147.45278
Noora Evaporation Basin,2020,5266.0,527.0,10.0,529,11,11,0,7,-34.41306,140.8803
Paroo overflow lakes complex,2020,10365.0,9102.0,87.82,39510,185,29,2,88,-30.617423,143.774638
Pyap Lagoon,2020,60.0,60.0,100.0,71,15,12,0,0,-34.4125,140.4594
River Murray Channel,2020,883.6,486.0,54.98,472,45,15,1,1,-35.441834,141.92938
Split Rock Reservoir,2020,200.0,160.0,80.0,16,3,3,0,0,-30.5675,150.68
Tallywalka system,2020,10639.0,0.0,0.0,0,6,1,0,0,-32.503152,143.333033
Waranga Basin,2020,5285.0,4492.0,85.0,458,16,16,0,0,-36.550266,145.096117
Yantabulla ,2020,5660.0,566.0,10.0,15674,34,19,0,2,-29.29,144.9217
Banrock Station Wetland,2021,290.0,290.0,100.0,1069,30,19,650,3,-34.20722,140.3458
Barmah-Millewa,2021,4008.0,4008.0,100.0,383,27,16,35,12,-35.907063,144.985243
Barmah-Millewa ,2021,4008.0,4008.0,100.0,903,26,17,30,3,-35.907063,144.985243
Booligal Wetlands,2021,850.0,836.4,98.4,18184,98,33,21,12,-33.97382,144.559175
Burrendong Dam,2021,6059.0,5756.05,95.0,50,8,8,0,0,-32.60889,149.1578
Coolmunda Dam,2021,1640.0,1640.0,100.0,1083,25,25,0,1,-28.42861,151.2258
"Coorong, Lower Lakes and Murray Mouth",2021,142289.5,142289.5,100.0,128574,243,40,15631,328,-35.684056,139.20538
Corop wetlands complex,2021,1983.0,150.25,7.58,4106,44,17,0,3,-36.475591,144.840525
Currawinya Lakes,2021,6717.0,9000.0,74.32,179504,92,31,337,2180,-28.716665,144.28045
Cuttaburra Channels,2021,17468.0,0.0,0.0,1578,13,13,0,0,-30.43694,144.4489
Fivebough Swamp,2021,309.0,108.15,35.0,106,15,10,0,4,-34.53361,146.4278
Great Cumbung Swamp,2021,34934.7,17384.38,49.76,4512,64,29,5,49,-34.268887,144.036033
Gunbower-Koondrook-Perricoota,2021,12.0,12.0,100.0,12,6,3,0,0,-35.91324,144.455433
Gwydir Wetlands,2021,647.9,301.06,46.47,34113,162,33,0,7,-29.274688,149.310117
Hattah Lakes,2021,1219.9,1127.5,92.43,573,47,21,2,33,-34.735885,142.371225
Kerang Wetlands,2021,3377.95,2263.5,67.01,4552,100,30,3785,3,-35.61631,143.800014
Lake Brewster,2021,1332.0,1332.0,100.0,36308,59,32,999,113,-33.48361,146.0108
Lake Cowal,2021,9089.0,9089.0,100.0,27183,56,32,9256,27,-33.60333,147.4756
Lake Mokoan,2021,2641.0,924.35,35.0,2178,20,20,36,3,-36.47445,146.0622
Lindsay-Walpolla-Chowilla,2021,1603.0,1515.5,94.54,15463,138,32,1041,31,-34.219752,140.68775
Lowbidgee Floodplain,2021,2451.0,2451.0,100.0,11043,92,30,1260,7,-34.557388,143.7491
Macquarie Marshes,2021,103327.0,44124.0,42.7,32176,22,22,187,90,-31.12722,147.5508
Menindee Lakes,2021,29252.51,29051.71,99.31,4428,162,29,0,0,-32.342832,142.44971
Murray River and Euston Lakes,2021,2880.0,1405.0,48.78,133,19,12,0,0,-34.54972,142.8799
Narran Lakes,2021,5473.0,257.4,4.7,2387,27,16,0,0,-29.81611,147.7074
Noora Evaporation Basin,2021,5266.0,52.66,1.0,691,7,7,0,2,-34.41306,140.8803
Paroo overflow lakes complex,2021,10561.0,7045.7,66.71,31855,166,34,0,106,-30.608636,143.77235
Pyap Lagoon,2021,60.0,60.0,100.0,242,17,11,0,0,-34.4125,140.4594
River Murray Channel,2021,730.5,725.51,99.32,1001,35,15,0,28,-35.220512,143.040453
Split Rock Reservoir,2021,200.0,180.0,90.0,160,8,8,0,0,-30.5675,150.68
Upper Darling River,2021,71969.0,719.69,1.0,786,21,18,0,1,-30.56417,145.0189
Waranga Basin,2021,5285.0,5285.0,100.0,124,9,9,0,0,-36.54861,145.1006
Yantabulla ,2021,37200.0,372.0,1.0,0,1,1,0,0,-29.31833,144.9692
Banrock Station Wetland,2022,290.0,348.0,120.0,454,15,11,134,0,-34.20722,140.3458
Barmah-Millewa,2022,3984.0,3984.0,100.0,617,35,13,368,6,-35.881922,144.968312
Booligal Wetlands,2022,255676.67,153406.0,60.0,151964,39,35,151519,64857,-33.943,144.624
Burrendong Dam,2022,6059.0,7876.7,130.0,20,4,4,0,0,-32.60889,149.1578
Coolmunda Dam,2022,1640.0,1640.0,100.0,533,11,11,0,0,-28.42861,151.2258
"Coorong, Lower Lakes and Murray Mouth",2022,142289.5,144149.8,101.31,113271,199,34,41080,357,-35.684056,139.20538
Corop Wetlands Complex,2022,2131.0,2131.0,100.0,2647,78,24,16,22,-36.47455,144.840638
Currawinya Lakes,2022,6598.0,4809.25,72.89,22157,62,26,15427,20,-28.711525,144.2718
Cuttaburra Channels,2022,5788.0,3472.8,60.0,68,4,3,0,0,-30.43694,144.4489
Darling Anabranch,2022,27098.9,23186.76,85.56,11334,83,24,306,10,-33.333666,141.83588
Fivebough Swamp,2022,541.0,430.9,79.65,1286,44,23,523,83,-34.5116,146.394355
Great Cumbung Swamp,2022,34934.7,5226.64,90.16,2123,46,25,4,19,-34.283252,144.018294
Gunbower-Koondrook-Perricoota,2022,59358.0,59358.0,100.0,880,8,8,0,0,-35.805,144.336
Gwydir Wetlands,2022,537.0,679.5,126.54,28848,64,29,16264,280,-29.235574,149.288488
Hattah Lakes,2022,998.3,817.3,81.87,238,42,13,67,2,-34.737134,142.372783
Kerang Wetlands,2022,3568.95,3770.56,105.65,13101,66,21,9567,3,-35.621111,143.808625
Kiewa River,2022,3550.0,355.0,10.0,228,9,9,0,0,-36.44861,147.0556
Lake Albacutya,2022,5741.0,287.05,5.0,0,1,0,0,0,-35.77444,141.9911
Lake Brewster,2022,1332.0,1731.6,130.0,1877,25,17,13,45,-33.48361,146.0108
Lake Buloke,2022,4354.0,2830.1,65.0,544,23,14,5,3,-36.26778,142.9472
Lake Cowal,2022,12298.0,14115.8,114.78,5113,71,29,17106,15,-33.56611,147.43725
Lake Hindmarsh,2022,13501.0,12826.0,95.0,1133,22,22,7,0,-35.97805,141.905
Lake Mokoan,2022,2641.0,1320.5,50.0,476,17,14,0,20,-36.47445,146.0622
Lindsay-Walpolla-Chowilla,2022,1663.0,1827.2,109.87,4383,83,25,221,17,-34.220507,140.692617
Lowbidgee Floodplain,2022,2174.3,2174.3,100.0,89644,84,35,51984,93,-34.574028,143.754425
Macquarie Marshes,2022,103327.0,722270.0,71.33,305373,60,35,65397,3675,-31.12722,147.5508
Menindee Lakes,2022,40872.51,40143.76,98.22,21360,175,26,2018,9,-32.340637,142.45024
Mulwala,2022,3432.0,3432.0,100.0,380,7,7,228,4,-35.98167,146.0347
Murray River and Euston Lakes,2022,2880.0,2370.75,82.32,190,21,15,0,0,-34.54972,142.8799
Narran Lakes,2022,6332.5,7974.25,125.93,37616,95,32,47561,471,-29.763797,147.426767
Noora Evaporation Basin,2022,5266.0,3422.9,65.0,89,4,4,0,1,-34.41306,140.8803
Paroo Overflow Lakes Complex,2022,10448.0,7031.45,67.3,5086,129,31,81,10,-30.607021,143.766538
River Murray Channel,2022,832.6,1968.0,236.37,262,40,17,0,1,-35.217439,143.045033
Split Rock Reservoir,2022,200.0,200.0,100.0,119,7,7,0,0,-30.5567,150.6925
Talywalka System,2022,10674.9,1898.96,17.79,1536,44,26,5,0,-32.505138,143.333367
Upper Darling River,2022,71969.0,14393.8,20.0,261,13,10,0,0,-30.56417,145.0189
Waranga Basin,2022,5285.0,5285.0,100.0,1087,22,14,0,1,-36.54861,145.1006
Yantabulla,2022,37200.0,3720.0,10.0,40,11,8,0,1,-29.31833,144.9692
Banrock Station Wetland,2023,290.0,261.0,90.0,5557,32,19,428,0,-34.1968,140.3379
Barmah-Millewa,2023,3173.0,3173.0,100.0,5558,104,26,888,9,-35.882171,144.969614
Booligal Wetlands,2023,1411.0,1103.25,78.19,37482,166,32,0,2,-33.943467,144.557183
Burrendong Dam,2023,6059.0,3635.4,60.0,193,11,11,0,0,-32.6824,149.1834
Coolmunda Dam,2023,1640.0,1640.0,100.0,1012,17,17,0,0,-28.4363,151.2346
"Coorong, Lower Lakes and Murray Mouth",2023,142289.5,142289.5,100.0,493718,311,46,13542,2516,-35.69494,139.22838
Corop Wetlands Complex,2023,1817.0,1748.5,96.23,31366,158,34,0,2,-36.472971,144.834514
Currawinya Lakes,2023,6598.0,2785.0,42.21,62670,28,20,0,0,-28.7097,144.2847
Cuttaburra Channels,2023,5788.0,0.0,0.0,0,1,1,0,0,-30.5023,144.2425
Darling Anabranch,2023,27098.9,21273.81,78.5,115759,111,29,473,0,-33.28052,141.84144
Fivebough Swamp,2023,541.0,108.2,20.0,9774,30,21,0,0,-34.5061,146.392
Great Cumbung Swamp,2023,33644.35,6750.6,20.06,56314,105,32,6,70,-34.231025,143.998375
Gunbower-Koondrook-Perricoota,2023,12.0,8.4,70.0,624,17,9,0,0,-35.862867,144.400133
Gwydir Wetlands,2023,862.0,204.1,23.68,5803,65,24,0,0,-29.268214,149.297814
Hattah Lakes,2023,1831.5,1819.01,99.32,1759,116,23,70,0,-34.736308,142.370683
Kerang Wetlands,2023,3568.95,3314.03,92.86,59888,200,37,1651,3,-35.623562,143.813038
Kiewa River,2023,3550.0,177.5,5.0,1467,13,13,0,0,-36.5137,147.0765
Lake Albacutya,2023,5741.0,0.0,0.0,0,1,1,0,0,-35.752,141.9553
Lake Brewster,2023,1332.0,799.2,60.0,32106,57,30,6201,0,,
Lake Buloke,2023,4354.0,2612.4,60.0,41230,42,19,0,2,-36.2457,142.9762
Lake Cowal,2023,12298.0,10747.3,87.39,47324,118,39,0,2,-33.56405,147.4353
Lake Hindmarsh,2023,13501.0,10800.8,80.0,17313,52,29,0,0,-36.0523,141.9044
Lake Mokoan,2023,2641.0,1320.5,50.0,6078,23,23,18,1,-36.4577,146.0911
Lindsay-Walpolla-Chowilla,2023,1663.0,1547.6,93.06,52469,154,36,412,0,-34.208833,140.672717
Lowbidgee Floodplain,2023,2424.3,2184.64,90.11,5016,105,34,13,1,-34.55692,143.74468
Macquarie Marshes,2023,103327.0,5166.35,5.0,27437,46,26,0,0,-30.9398,147.6047
Menindee Lakes,2023,40872.51,38050.47,93.1,59944,351,38,3204,0,-32.32848,142.46187
Mulwala,2023,3432.0,3260.4,95.0,1080,15,15,106,2,-36.005,146.0884
Murray River and Euston Lakes,2023,2880.0,1847.5,64.15,1468,46,20,0,0,-34.549867,142.882667
Narran Lakes,2023,6332.5,4539.6,71.69,105411,56,29,167,0,-29.7743,147.4174
Noora Evaporation Basin,2023,5266.0,2106.4,40.0,590,9,9,0,0,-34.4215,140.8565
Paroo Overflow Lakes Complex,2023,10448.0,5048.05,48.32,145477,137,35,216,0,-30.6168,143.772675
Pyap Lagoon,2023,60.0,30.0,50.0,485,31,16,0,0,-34.3997,140.4537
River Murray Channel,2023,832.6,478.36,57.45,2454,76,18,0,0,-35.21182,143.03294
Split Rock Reservoir,2023,200.0,200.0,100.0,2143,9,9,0,0,-30.5503,150.6857
Talywalka System,2023,10674.9,2908.46,27.25,33514,86,28,140,0,-32.497367,143.33655
Upper Darling River,2023,71969.0,71.97,0.1,1131,29,19,0,0,-30.4982,145.1164
Waranga Basin,2023,5285.0,5285.0,100.0,1867,20,17,0,0,-36.5506,145.0943
Yantabulla,2023,37200.0,0.0,0.0,0,1,1,0,0,-29.2499,144.906
